{
  "overall": {
    "n_lemmas": 90,
    "pass1": 0.0,
    "pass2": 0.0,
    "pass3": 0.044444444444444446,
    "pass4": 0.2777777777777778,
    "pass5": 0.3
  },
  "by_lang": {
    "en": {
      "n": 30,
      "pass1": 0.0,
      "pass2": 0.0,
      "pass3": 0.03333333333333333,
      "pass4": 0.16666666666666666,
      "pass5": 0.16666666666666666
    },
    "es": {
      "n": 30,
      "pass1": 0.0,
      "pass2": 0.0,
      "pass3": 0.03333333333333333,
      "pass4": 0.4666666666666667,
      "pass5": 0.4666666666666667
    },
    "fr": {
      "n": 30,
      "pass1": 0.0,
      "pass2": 0.0,
      "pass3": 0.06666666666666667,
      "pass4": 0.2,
      "pass5": 0.26666666666666666
    }
  },
  "by_category": {
    "quantifiers": {
      "n": 60,
      "pass1": 0.0,
      "pass2": 0.0,
      "pass3": 0.0,
      "pass4": 0.15,
      "pass5": 0.15
    },
    "negation": {
      "n": 30,
      "pass1": 0.0,
      "pass2": 0.0,
      "pass3": 0.13333333333333333,
      "pass4": 0.5333333333333333,
      "pass5": 0.6
    }
  },
  "by_difficulty": {
    "mild": {
      "n": 90,
      "pass1": 0.0,
      "pass2": 0.0,
      "pass3": 0.044444444444444446,
      "pass4": 0.2777777777777778,
      "pass5": 0.3
    }
  }
}