{
  "overall": {
    "n_lemmas": 90,
    "pass1": 0.0,
    "pass5": 0.3
  },
  "by_lang": {
    "en": {
      "n": 30,
      "pass1": 0.0,
      "pass5": 0.16666666666666666
    },
    "es": {
      "n": 30,
      "pass1": 0.0,
      "pass5": 0.4666666666666667
    },
    "fr": {
      "n": 30,
      "pass1": 0.0,
      "pass5": 0.26666666666666666
    }
  },
  "by_category": {
    "quantifiers": {
      "n": 60,
      "pass1": 0.0,
      "pass5": 0.15
    },
    "negation": {
      "n": 30,
      "pass1": 0.0,
      "pass5": 0.6
    }
  },
  "by_difficulty": {
    "mild": {
      "n": 90,
      "pass1": 0.0,
      "pass5": 0.3
    }
  }
}