{
  "overall": {
    "n_lemmas": 90,
    "pass1": 0.1,
    "passk": 0.4222222222222222
  },
  "by_lang": {
    "en": {
      "n": 30,
      "pass1": 0.0,
      "passk": 0.3333333333333333
    },
    "es": {
      "n": 30,
      "pass1": 0.13333333333333333,
      "passk": 0.5
    },
    "fr": {
      "n": 30,
      "pass1": 0.16666666666666666,
      "passk": 0.43333333333333335
    }
  },
  "by_category": {
    "quantifiers": {
      "n": 60,
      "pass1": 0.016666666666666666,
      "passk": 0.38333333333333336
    },
    "negation": {
      "n": 30,
      "pass1": 0.26666666666666666,
      "passk": 0.5
    }
  },
  "by_difficulty": {
    "mild": {
      "n": 90,
      "pass1": 0.1,
      "passk": 0.4222222222222222
    }
  }
}