{
  "overall": {
    "n_lemmas": 90,
    "pass1": 0.07777777777777778,
    "pass2": 0.5333333333333333,
    "pass3": 0.5333333333333333,
    "pass4": 0.6555555555555556,
    "pass5": 0.6777777777777778
  },
  "by_lang": {
    "en": {
      "n": 30,
      "pass1": 0.0,
      "pass2": 0.5333333333333333,
      "pass3": 0.5333333333333333,
      "pass4": 0.6666666666666666,
      "pass5": 0.7
    },
    "es": {
      "n": 30,
      "pass1": 0.13333333333333333,
      "pass2": 0.4666666666666667,
      "pass3": 0.4666666666666667,
      "pass4": 0.6666666666666666,
      "pass5": 0.7
    },
    "fr": {
      "n": 30,
      "pass1": 0.1,
      "pass2": 0.6,
      "pass3": 0.6,
      "pass4": 0.6333333333333333,
      "pass5": 0.6333333333333333
    }
  },
  "by_category": {
    "quantifiers": {
      "n": 60,
      "pass1": 0.03333333333333333,
      "pass2": 0.48333333333333334,
      "pass3": 0.48333333333333334,
      "pass4": 0.48333333333333334,
      "pass5": 0.5166666666666667
    },
    "negation": {
      "n": 30,
      "pass1": 0.16666666666666666,
      "pass2": 0.6333333333333333,
      "pass3": 0.6333333333333333,
      "pass4": 1.0,
      "pass5": 1.0
    }
  },
  "by_difficulty": {
    "mild": {
      "n": 90,
      "pass1": 0.07777777777777778,
      "pass2": 0.5333333333333333,
      "pass3": 0.5333333333333333,
      "pass4": 0.6555555555555556,
      "pass5": 0.6777777777777778
    }
  }
}