{
  "overall": {
    "n_lemmas": 90,
    "pass1": 0.07777777777777778,
    "passk": 0.6777777777777778
  },
  "by_lang": {
    "en": {
      "n": 30,
      "pass1": 0.0,
      "passk": 0.7
    },
    "es": {
      "n": 30,
      "pass1": 0.13333333333333333,
      "passk": 0.7
    },
    "fr": {
      "n": 30,
      "pass1": 0.1,
      "passk": 0.6333333333333333
    }
  },
  "by_category": {
    "quantifiers": {
      "n": 60,
      "pass1": 0.03333333333333333,
      "passk": 0.5166666666666667
    },
    "negation": {
      "n": 30,
      "pass1": 0.16666666666666666,
      "passk": 1.0
    }
  },
  "by_difficulty": {
    "mild": {
      "n": 90,
      "pass1": 0.07777777777777778,
      "passk": 0.6777777777777778
    }
  }
}