{
  "overall": {
    "n_lemmas": 90,
    "pass1": 0.16666666666666666,
    "pass2": 0.16666666666666666,
    "pass3": 0.16666666666666666,
    "pass4": 0.16666666666666666,
    "pass5": 0.16666666666666666
  },
  "by_lang": {
    "en": {
      "n": 30,
      "pass1": 0.16666666666666666,
      "pass2": 0.16666666666666666,
      "pass3": 0.16666666666666666,
      "pass4": 0.16666666666666666,
      "pass5": 0.16666666666666666
    },
    "es": {
      "n": 30,
      "pass1": 0.2,
      "pass2": 0.2,
      "pass3": 0.2,
      "pass4": 0.2,
      "pass5": 0.2
    },
    "fr": {
      "n": 30,
      "pass1": 0.13333333333333333,
      "pass2": 0.13333333333333333,
      "pass3": 0.13333333333333333,
      "pass4": 0.13333333333333333,
      "pass5": 0.13333333333333333
    }
  },
  "by_category": {
    "quantifiers": {
      "n": 60,
      "pass1": 0.05,
      "pass2": 0.05,
      "pass3": 0.05,
      "pass4": 0.05,
      "pass5": 0.05
    },
    "negation": {
      "n": 30,
      "pass1": 0.4,
      "pass2": 0.4,
      "pass3": 0.4,
      "pass4": 0.4,
      "pass5": 0.4
    }
  },
  "by_difficulty": {
    "mild": {
      "n": 90,
      "pass1": 0.16666666666666666,
      "pass2": 0.16666666666666666,
      "pass3": 0.16666666666666666,
      "pass4": 0.16666666666666666,
      "pass5": 0.16666666666666666
    }
  }
}