{
  "overall": {
    "n_lemmas": 90,
    "pass1": 0.0,
    "passk": 0.05555555555555555
  },
  "by_lang": {
    "en": {
      "n": 30,
      "pass1": 0.0,
      "passk": 0.03333333333333333
    },
    "es": {
      "n": 30,
      "pass1": 0.0,
      "passk": 0.03333333333333333
    },
    "fr": {
      "n": 30,
      "pass1": 0.0,
      "passk": 0.1
    }
  },
  "by_category": {
    "quantifiers": {
      "n": 60,
      "pass1": 0.0,
      "passk": 0.06666666666666667
    },
    "negation": {
      "n": 30,
      "pass1": 0.0,
      "passk": 0.03333333333333333
    }
  },
  "by_difficulty": {
    "mild": {
      "n": 90,
      "pass1": 0.0,
      "passk": 0.05555555555555555
    }
  }
}