{
  "overall": {
    "n_lemmas": 90,
    "pass1": 0.0,
    "passk": 0.43333333333333335
  },
  "by_lang": {
    "en": {
      "n": 30,
      "pass1": 0.0,
      "passk": 0.5
    },
    "es": {
      "n": 30,
      "pass1": 0.0,
      "passk": 0.5666666666666667
    },
    "fr": {
      "n": 30,
      "pass1": 0.0,
      "passk": 0.23333333333333334
    }
  },
  "by_category": {
    "quantifiers": {
      "n": 60,
      "pass1": 0.0,
      "passk": 0.26666666666666666
    },
    "negation": {
      "n": 30,
      "pass1": 0.0,
      "passk": 0.7666666666666667
    }
  },
  "by_difficulty": {
    "mild": {
      "n": 90,
      "pass1": 0.0,
      "passk": 0.43333333333333335
    }
  }
}