{
  "overall": {
    "n_lemmas": 90,
    "pass1": 0.0,
    "pass2": 0.0,
    "pass3": 0.011111111111111112,
    "pass4": 0.05555555555555555,
    "pass5": 0.05555555555555555
  },
  "by_lang": {
    "en": {
      "n": 30,
      "pass1": 0.0,
      "pass2": 0.0,
      "pass3": 0.0,
      "pass4": 0.03333333333333333,
      "pass5": 0.03333333333333333
    },
    "es": {
      "n": 30,
      "pass1": 0.0,
      "pass2": 0.0,
      "pass3": 0.0,
      "pass4": 0.03333333333333333,
      "pass5": 0.03333333333333333
    },
    "fr": {
      "n": 30,
      "pass1": 0.0,
      "pass2": 0.0,
      "pass3": 0.03333333333333333,
      "pass4": 0.1,
      "pass5": 0.1
    }
  },
  "by_category": {
    "quantifiers": {
      "n": 60,
      "pass1": 0.0,
      "pass2": 0.0,
      "pass3": 0.016666666666666666,
      "pass4": 0.06666666666666667,
      "pass5": 0.06666666666666667
    },
    "negation": {
      "n": 30,
      "pass1": 0.0,
      "pass2": 0.0,
      "pass3": 0.0,
      "pass4": 0.03333333333333333,
      "pass5": 0.03333333333333333
    }
  },
  "by_difficulty": {
    "mild": {
      "n": 90,
      "pass1": 0.0,
      "pass2": 0.0,
      "pass3": 0.011111111111111112,
      "pass4": 0.05555555555555555,
      "pass5": 0.05555555555555555
    }
  }
}