{
  "overall": {
    "n_lemmas": 90,
    "pass1": 0.0,
    "pass2": 0.03333333333333333,
    "pass3": 0.044444444444444446,
    "pass4": 0.044444444444444446,
    "pass5": 0.044444444444444446
  },
  "by_lang": {
    "en": {
      "n": 30,
      "pass1": 0.0,
      "pass2": 0.03333333333333333,
      "pass3": 0.03333333333333333,
      "pass4": 0.03333333333333333,
      "pass5": 0.03333333333333333
    },
    "es": {
      "n": 30,
      "pass1": 0.0,
      "pass2": 0.03333333333333333,
      "pass3": 0.06666666666666667,
      "pass4": 0.06666666666666667,
      "pass5": 0.06666666666666667
    },
    "fr": {
      "n": 30,
      "pass1": 0.0,
      "pass2": 0.03333333333333333,
      "pass3": 0.03333333333333333,
      "pass4": 0.03333333333333333,
      "pass5": 0.03333333333333333
    }
  },
  "by_category": {
    "quantifiers": {
      "n": 60,
      "pass1": 0.0,
      "pass2": 0.05,
      "pass3": 0.06666666666666667,
      "pass4": 0.06666666666666667,
      "pass5": 0.06666666666666667
    },
    "negation": {
      "n": 30,
      "pass1": 0.0,
      "pass2": 0.0,
      "pass3": 0.0,
      "pass4": 0.0,
      "pass5": 0.0
    }
  },
  "by_difficulty": {
    "mild": {
      "n": 90,
      "pass1": 0.0,
      "pass2": 0.03333333333333333,
      "pass3": 0.044444444444444446,
      "pass4": 0.044444444444444446,
      "pass5": 0.044444444444444446
    }
  }
}