{
  "overall": {
    "n_lemmas": 90,
    "pass1": 0.0,
    "pass2": 0.0,
    "pass3": 0.07777777777777778,
    "pass4": 0.4222222222222222,
    "pass5": 0.43333333333333335
  },
  "by_lang": {
    "en": {
      "n": 30,
      "pass1": 0.0,
      "pass2": 0.0,
      "pass3": 0.06666666666666667,
      "pass4": 0.5,
      "pass5": 0.5
    },
    "es": {
      "n": 30,
      "pass1": 0.0,
      "pass2": 0.0,
      "pass3": 0.13333333333333333,
      "pass4": 0.5333333333333333,
      "pass5": 0.5666666666666667
    },
    "fr": {
      "n": 30,
      "pass1": 0.0,
      "pass2": 0.0,
      "pass3": 0.03333333333333333,
      "pass4": 0.23333333333333334,
      "pass5": 0.23333333333333334
    }
  },
  "by_category": {
    "quantifiers": {
      "n": 60,
      "pass1": 0.0,
      "pass2": 0.0,
      "pass3": 0.1,
      "pass4": 0.26666666666666666,
      "pass5": 0.26666666666666666
    },
    "negation": {
      "n": 30,
      "pass1": 0.0,
      "pass2": 0.0,
      "pass3": 0.03333333333333333,
      "pass4": 0.7333333333333333,
      "pass5": 0.7666666666666667
    }
  },
  "by_difficulty": {
    "mild": {
      "n": 90,
      "pass1": 0.0,
      "pass2": 0.0,
      "pass3": 0.07777777777777778,
      "pass4": 0.4222222222222222,
      "pass5": 0.43333333333333335
    }
  }
}